name,position,class_year,school,external_id,scoring_date,career_yprr,best_yprr,receiving_yprr,yards_after_contact_per_attempt,missed_tackles_per_attempt,ras
Clyde Edwards-Helaire,RB,2020,LSU,00-0036360,2020-04-30,,,,,,
D'Andre Swift,RB,2020,Georgia,00-0036275,2020-04-30,,,,,,
Jonathan Taylor,RB,2020,Wisconsin,00-0036223,2020-04-30,,,,,,
Cam Akers,RB,2020,Florida St.,00-0036414,2020-04-30,,,,,,
J.K. Dobbins,RB,2020,Ohio St.,00-0036158,2020-04-30,,,,,,
AJ Dillon,RB,2020,Boston Col.,00-0036265,2020-04-30,,,,,,
Antonio Gibson,RB,2020,Memphis,00-0036328,2020-04-30,,,,,,
Ke'Shawn Vaughn,RB,2020,Illinois,00-0036450,2020-04-30,,,,,,
Zack Moss,RB,2020,Utah,00-0036251,2020-04-30,,,,,,
Darrynton Evans,RB,2020,Appalachian St.,00-0036297,2020-04-30,,,,,,
Joshua Kelley,RB,2020,UCLA,00-0036370,2020-04-30,,,,,,
La'Mical Perine,RB,2020,Florida,00-0036269,2020-04-30,,,,,,
Anthony McFarland Jr.,RB,2020,Maryland,00-0036336,2020-04-30,,,,,,
DeeJay Dallas,RB,2020,Miami (FL),00-0036425,2020-04-30,,,,,,
Jason Huntley,RB,2020,New Mexico St.,00-0036278,2020-04-30,,,,,,
Eno Benjamin,RB,2020,Arizona St.,00-0036383,2020-04-30,,,,,,
Raymond Calais,RB,2020,Louisiana,00-0036435,2020-04-30,,,,,,
Malcolm Perry,RB,2020,Navy,00-0036245,2020-04-30,,,,,,
Henry Ruggs III,WR,2020,Alabama,00-0036357,2020-04-30,,,,,,
Jerry Jeudy,WR,2020,Alabama,00-0036407,2020-04-30,,,,,,
CeeDee Lamb,WR,2020,Oklahoma,00-0036358,2020-04-30,,,,,,
Jalen Reagor,WR,2020,TCU,00-0036387,2020-04-30,,,,,,
Justin Jefferson,WR,2020,LSU,00-0036322,2020-04-30,,,,,,
Brandon Aiyuk,WR,2020,Arizona St.,00-0036261,2020-04-30,,,,,,
Tee Higgins,WR,2020,Clemson,00-0036410,2020-04-30,,,,,,
Michael Pittman Jr.,WR,2020,USC,00-0036252,2020-04-30,,,,,,
Laviska Shenault Jr.,WR,2020,Colorado,00-0036268,2020-04-30,,,,,,
KJ Hamler,WR,2020,Penn St.,00-0036412,2020-04-30,,,,,,
Chase Claypool,WR,2020,Notre Dame,00-0036326,2020-04-30,,,,,,
Van Jefferson,WR,2020,Florida,00-0036415,2020-04-30,,,,,,
Denzel Mims,WR,2020,Baylor,00-0036255,2020-04-30,,,,,,
Antonio Gibson,WR,2020,Memphis,GibsAn00,2020-04-30,,,,,,
Lynn Bowden Jr.,WR,2020,Kentucky,00-0036364,2020-04-30,,,,,,
Bryan Edwards,WR,2020,South Carolina,00-0036365,2020-04-30,,,,,,
Devin Duvernay,WR,2020,Texas,00-0036331,2020-04-30,,,,,,
Gabe Davis,WR,2020,Central Florida,00-0036196,2020-04-30,,,,,,
Gabriel Davis,WR,2020,UCF,DaviGa01,2020-04-30,,,,,,
Antonio Gandy-Golden,WR,2020,Liberty,00-0036340,2020-04-30,,,,,,
Joe Reed,WR,2020,Virginia,00-0036377,2020-04-30,,,,,,
Tyler Johnson,WR,2020,Minnesota,00-0036427,2020-04-30,,,,,,
Collin Johnson,WR,2020,Texas,00-0036254,2020-04-30,,,,,,
Quintez Cephus,WR,2020,Wisconsin,00-0036277,2020-04-30,,,,,,
John Hightower,WR,2020,Boise St.,00-0036398,2020-04-30,,,,,,
Isaiah Coulter,WR,2020,Rhode Island,00-0036308,2020-04-30,,,,,,
Darnell Mooney,WR,2020,Tulane,00-0036309,2020-04-30,,,,,,
K.J. Osborn,WR,2020,Miami (FL),00-0036345,2020-04-30,,,,,,
Donovan Peoples-Jones,WR,2020,Michigan,00-0036233,2020-04-30,,,,,,
Quez Watkins,WR,2020,Southern Miss,00-0036271,2020-04-30,,,,,,
James Proche,WR,2020,SMU,00-0036133,2020-04-30,,,,,,
Isaiah Hodgins,WR,2020,Oregon St.,00-0036165,2020-04-30,,,,,,
Dezmon Patmon,WR,2020,Washington St.,00-0036228,2020-04-30,,,,,,
Freddie Swain,WR,2020,Florida,00-0036247,2020-04-30,,,,,,
Jauan Jennings,WR,2020,Tennessee,00-0036259,2020-04-30,,,,,,
K.J. Hill,WR,2020,Ohio St.,00-0036382,2020-04-30,,,,,,
Malcolm Perry,WR,2020,Navy,PerrMa00,2020-04-30,,,,,,
Tyrie Cleveland,WR,2020,Florida,00-0036439,2020-04-30,,,,,,
Najee Harris,RB,2021,Alabama,00-0036893,2021-04-30,,,,,,
Travis Etienne,RB,2021,Clemson,00-0036973,2021-04-30,,,,,,
Javonte Williams,RB,2021,North Carolina,00-0036997,2021-04-30,,,,,,
Trey Sermon,RB,2021,Ohio St.,00-0036984,2021-04-30,,,,,,
Michael Carter,RB,2021,North Carolina,00-0036924,2021-04-30,,,,,,
Kene Nwangwu,RB,2021,Iowa St.,00-0036842,2021-04-30,,,,,,
Rhamondre Stevenson,RB,2021,Oklahoma,00-0036875,2021-04-30,,,,,,
Chuba Hubbard,RB,2021,Oklahoma St.,00-0036555,2021-04-30,,,,,,
Kenneth Gainwell,RB,2021,Memphis,00-0036919,2021-04-30,,,,,,
Elijah Mitchell,RB,2021,Louisiana,00-0036567,2021-04-30,,,,,,
Gary Brightwell,RB,2021,Arizona,00-0036569,2021-04-30,,,,,,
Larry Rountree,RB,2021,Missouri,00-0036650,2021-04-30,,,,,,
Chris Evans,RB,2021,Michigan,00-0036857,2021-04-30,,,,,,
Demetric Felton,RB,2021,UCLA,00-0036654,2021-04-30,,,,,,
Khalil Herbert,RB,2021,Virginia Tech,00-0036906,2021-04-30,,,,,,
Jake Funk,RB,2021,Maryland,00-0036860,2021-04-30,,,,,,
Gerrid Doaks,RB,2021,Cincinnati,00-0036578,2021-04-30,,,,,,
Kylin Hill,RB,2021,Mississippi St.,00-0036669,2021-04-30,,,,,,
Jermar Jefferson,RB,2021,Oregon St.,00-0036670,2021-04-30,,,,,,
Ja'Marr Chase,WR,2021,LSU,00-0036900,2021-04-30,,,,,,
Jaylen Waddle,WR,2021,Alabama,00-0036613,2021-04-30,,,,,,
DeVonta Smith,WR,2021,Alabama,00-0036912,2021-04-30,,,,,,
Kadarius Toney,WR,2021,Florida,00-0036913,2021-04-30,,,,,,
Rashod Bateman,WR,2021,Minnesota,00-0036550,2021-04-30,,,,,,
Elijah Moore,WR,2021,Mississippi,00-0036980,2021-04-30,,,,,,
Rondale Moore,WR,2021,Purdue,00-0036936,2021-04-30,,,,,,
D'Wayne Eskridge,WR,2021,Western Michigan,00-0036620,2021-04-30,,,,,,
Tutu Atwell,WR,2021,Louisville,00-0036849,2021-04-30,,,,,,
Terrace Marshall Jr.,WR,2021,LSU,00-0036955,2021-04-30,,,,,,
Josh Palmer,WR,2021,Tennessee,00-0036988,2021-04-30,,,,,,
Dyami Brown,WR,2021,North Carolina,00-0036626,2021-04-30,,,,,,
Amari Rodgers,WR,2021,Clemson,00-0036991,2021-04-30,,,,,,
Nico Collins,WR,2021,Michigan,00-0036554,2021-04-30,,,,,,
Anthony Schwartz,WR,2021,Auburn,00-0036999,2021-04-30,,,,,,
Dez Fitzpatrick,WR,2021,Louisville,00-0036627,2021-04-30,,,,,,
Amon-Ra St. Brown,WR,2021,USC,00-0036963,2021-04-30,,,,,,
Jaelon Darden,WR,2021,North Texas,00-0036877,2021-04-30,,,,,,
Tylan Wallace,WR,2021,Oklahoma St.,00-0036630,2021-04-30,,,,,,
Jacob Harris,WR,2021,Central Florida,00-0036918,2021-04-30,,,,,,
Ihmir Smith-Marsette,WR,2021,Iowa,00-0036635,2021-04-30,,,,,,
Simi Fehoko,WR,2021,Stanford,00-0036646,2021-04-30,,,,,,
Cornell Powell,WR,2021,Clemson,00-0036647,2021-04-30,,,,,,
Frank Darby,WR,2021,Arizona St.,00-0036951,2021-04-30,,,,,,
Marquez Stevenson,WR,2021,Houston,00-0036571,2021-04-30,,,,,,
Shi Smith,WR,2021,South Carolina,00-0036572,2021-04-30,,,,,,
Racey McMath,WR,2021,LSU,00-0036652,2021-04-30,,,,,,
Jalen Camp,WR,2021,Georgia Tech,00-0036858,2021-04-30,,,,,,
Seth Williams,WR,2021,Auburn,00-0036657,2021-04-30,,,,,,
Dazz Newsome,WR,2021,North Carolina,00-0036907,2021-04-30,,,,,,
Mike Strachan,WR,2021,Charleston (WV),00-0036482,2021-04-30,,,,,,
Tre Nixon,WR,2021,Central Florida,00-0036536,2021-04-30,,,,,,
Ben Skowronek,WR,2021,Notre Dame,00-0036862,2021-04-30,,,,,,
Kawaan Baker,WR,2021,South Alabama,00-0036939,2021-04-30,,,,,,
Dax Milne,WR,2021,BYU,00-0036671,2021-04-30,,,,,,
Breece Hall,RB,2022,Iowa St.,00-0038120,2022-04-30,,,,,,
Kenneth Walker III,RB,2022,Michigan St.,00-0038134,2022-04-30,,,,,,
James Cook,RB,2022,Georgia,00-0037248,2022-04-30,,,,,,
Rachaad White,RB,2022,Arizona St.,00-0037256,2022-04-30,,,,,,
Tyrion Davis-Price,RB,2022,LSU,00-0037827,2022-04-30,,,,,,
Brian Robinson Jr.,RB,2022,Alabama,00-0037746,2022-04-30,,,,,,
Dameon Pierce,RB,2022,Florida,00-0037258,2022-04-30,,,,,,
Zamir White,RB,2022,Georgia,00-0038040,2022-04-30,,,,,,
Isaiah Spiller,RB,2022,Texas A&M,00-0038045,2022-04-30,,,,,,
Pierre Strong,RB,2022,South Dakota St.,00-0038098,2022-04-30,,,,,,
Hassan Haskins,RB,2022,Michigan,00-0037617,2022-04-30,,,,,,
Tyler Allgeier,RB,2022,BYU,00-0037263,2022-04-30,,,,,,
Snoop Conner,RB,2022,Mississippi,00-0037265,2022-04-30,,,,,,
Jerome Ford,RB,2022,Cincinnati,00-0037267,2022-04-30,,,,,,
Kyren Williams,RB,2022,Notre Dame,00-0037840,2022-04-30,,,,,,
Ty Chandler,RB,2022,North Carolina,00-0037276,2022-04-30,,,,,,
Tykevious Chandler,RB,2022,North Carolina,ChanTy01,2022-04-30,,,,,,
Kevin Harris,RB,2022,South Carolina,00-0037286,2022-04-30,,,,,,
Tyler Badie,RB,2022,Missouri,00-0037085,2022-04-30,,,,,,
Keaontay Ingram,RB,2022,USC,00-0037299,2022-04-30,,,,,,
Trestan Ebner,RB,2022,Baylor,00-0037087,2022-04-30,,,,,,
Brittain Brown,RB,2022,UCLA,00-0037329,2022-04-30,,,,,,
Isiah Pacheco,RB,2022,Rutgers,00-0037197,2022-04-30,,,,,,
Zander Horvath,RB,2022,Purdue,00-0037331,2022-04-30,,,,,,
Drake London,WR,2022,USC,00-0037238,2022-04-30,,,,,,
Garrett Wilson,WR,2022,Ohio St.,00-0037740,2022-04-30,,,,,,
Chris Olave,WR,2022,Ohio St.,00-0037239,2022-04-30,,,,,,
Jameson Williams,WR,2022,Alabama,00-0037240,2022-04-30,,,,,,
Jahan Dotson,WR,2022,Penn St.,00-0037741,2022-04-30,,,,,,
Treylon Burks,WR,2022,Arkansas,00-0037742,2022-04-30,,,,,,
Christian Watson,WR,2022,North Dakota St.,00-0038124,2022-04-30,,,,,,
Wan'Dale Robinson,WR,2022,Kentucky,00-0038117,2022-04-30,,,,,,
John Metchie,WR,2022,Alabama,00-0037614,2022-04-30,,,,,,
Tyquan Thornton,WR,2022,Baylor,00-0038104,2022-04-30,,,,,,
George Pickens,WR,2022,Georgia,00-0037247,2022-04-30,,,,,,
Alec Pierce,WR,2022,Cincinnati,00-0037664,2022-04-30,,,,,,
Skyy Moore,WR,2022,Western Michigan,00-0038090,2022-04-30,,,,,,
Velus Jones Jr.,WR,2022,Tennessee,00-0037745,2022-04-30,,,,,,
Jalen Tolbert,WR,2022,South Alabama,00-0037666,2022-04-30,,,,,,
David Bell,WR,2022,Purdue,00-0037257,2022-04-30,,,,,,
Danny Gray,WR,2022,SMU,00-0037828,2022-04-30,,,,,,
Erik Ezukanma,WR,2022,Texas Tech,00-0038092,2022-04-30,,,,,,
Romeo Doubs,WR,2022,Nevada,00-0037816,2022-04-30,,,,,,
Calvin Austin III,WR,2022,Memphis,00-0037837,2022-04-30,,,,,,
Khalil Shakir,WR,2022,Boise St.,00-0037261,2022-04-30,,,,,,
Montrell Washington,WR,2022,Samford,00-0037272,2022-04-30,,,,,,
Kyle Philips,WR,2022,UCLA,00-0037273,2022-04-30,,,,,,
Jalen Nailor,WR,2022,Michigan St.,00-0037291,2022-04-30,,,,,,
Michael Woods II,WR,2022,Oklahoma,00-0037300,2022-04-30,,,,,,
Mike Woods,WR,2022,Oklahoma,WoodMi00,2022-04-30,,,,,,
Bo Melton,WR,2022,Rutgers,00-0037091,2022-04-30,,,,,,
Dareke Young,WR,2022,Lenoir-Rhyne,00-0037093,2022-04-30,,,,,,
Samori Toure,WR,2022,Nebraska,00-0037098,2022-04-30,,,,,,
Bijan Robinson,RB,2023,Texas,00-0038542,2023-04-30,,,,,,
Jahmyr Gibbs,RB,2023,Alabama,00-0039139,2023-04-30,,,,,,
Zach Charbonnet,RB,2023,UCLA,00-0039165,2023-04-30,,,,,,
Kendre Miller,RB,2023,TCU,00-0038551,2023-04-30,,,,,,
Tyjae Spears,RB,2023,Tulane,00-0039032,2023-04-30,,,,,,
De'Von Achane,RB,2023,Texas A&M,00-0039040,2023-04-30,,,,,,
Tank Bigsby,RB,2023,Auburn,00-0038555,2023-04-30,,,,,,
Roschon Johnson,RB,2023,Texas,00-0039021,2023-04-30,,,,,,
Israel Abanikanda,RB,2023,Pittsburgh,00-0038389,2023-04-30,,,,,,
Chase Brown,RB,2023,Illinois,00-0038597,2023-04-30,,,,,,
Eric Gray,RB,2023,Oklahoma,00-0038396,2023-04-30,,,,,,
Evan Hull,RB,2023,Northwestern,00-0038397,2023-04-30,,,,,,
Chris Rodriguez,RB,2023,Kentucky,00-0038611,2023-04-30,,,,,,
Deuce Vaughn,RB,2023,Kansas St.,00-0038622,2023-04-30,,,,,,
Zach Evans,RB,2023,Mississippi,00-0039136,2023-04-30,,,,,,
DeWayne McBride,RB,2023,Ala-Birmingham,00-0039046,2023-04-30,,,,,,
Lew Nichols,RB,2023,Central Michigan,00-0038409,2023-04-30,,,,,,
Kenny McIntosh,RB,2023,Georgia,00-0038636,2023-04-30,,,,,,
Jaxon Smith-Njigba,WR,2023,Ohio St.,00-0038543,2023-04-30,,,,,,
Quentin Johnston,WR,2023,TCU,00-0038544,2023-04-30,,,,,,
Zay Flowers,WR,2023,Boston Col.,00-0039064,2023-04-30,,,,,,
Jordan Addison,WR,2023,USC,00-0038994,2023-04-30,,,,,,
Jonathan Mingo,WR,2023,Mississippi,00-0039062,2023-04-30,,,,,,
Jayden Reed,WR,2023,Michigan St.,00-0039146,2023-04-30,,,,,,
Rashee Rice,WR,2023,SMU,00-0039067,2023-04-30,,,,,,
Marvin Mims,WR,2023,Oklahoma,00-0038976,2023-04-30,,,,,,
Tank Dell,WR,2023,Houston,00-0038977,2023-04-30,,,,,,
Nathaniel Dell,WR,2023,Houston,DellNa00,2023-04-30,,,,,,
Jalin Hyatt,WR,2023,Tennessee,00-0038938,2023-04-30,,,,,,
Cedric Tillman,WR,2023,Tennessee,00-0038979,2023-04-30,,,,,,
Josh Downs,WR,2023,North Carolina,00-0038997,2023-04-30,,,,,,
Michael Wilson,WR,2023,Stanford,00-0038559,2023-04-30,,,,,,
Tre Tucker,WR,2023,Cincinnati,00-0038563,2023-04-30,,,,,,
Derius Davis,WR,2023,TCU,00-0038573,2023-04-30,,,,,,
Charlie Jones,WR,2023,Purdue,00-0038576,2023-04-30,,,,,,
Tyler Scott,WR,2023,Cincinnati,00-0038941,2023-04-30,,,,,,
Justin Shorter,WR,2023,Florida,00-0038590,2023-04-30,,,,,,
Dontayvion Wicks,WR,2023,Virginia,00-0038393,2023-04-30,,,,,,
Puka Nacua,WR,2023,BYU,00-0039075,2023-04-30,,,,,,
Parker Washington,WR,2023,Penn St.,00-0038606,2023-04-30,,,,,,
Kayshon Boutte,WR,2023,LSU,00-0038608,2023-04-30,,,,,,
Trey Palmer,WR,2023,Nebraska,00-0039052,2023-04-30,,,,,,
A.T. Perry,WR,2023,Wake Forest,00-0038612,2023-04-30,,,,,,
Elijah Higgins,WR,2023,Stanford,00-0039041,2023-04-30,,,,,,
Xavier Hutchinson,WR,2023,Iowa St.,00-0038618,2023-04-30,,,,,,
Andrei Iosivas,WR,2023,Princeton,00-0038619,2023-04-30,,,,,,
DeMario Douglas,WR,2023,Liberty,00-0038621,2023-04-30,,,,,,
Antoine Green,WR,2023,North Carolina,00-0038627,2023-04-30,,,,,,
Colton Dowell,WR,2023,UT Martin,00-0038632,2023-04-30,,,,,,
Jalen Brooks,WR,2023,South Carolina,00-0038640,2023-04-30,,,,,,
Ronnie Bell,WR,2023,Michigan,00-0038647,2023-04-30,,,,,,
Grant Dubose,WR,2023,Charlotte,00-0038507,2023-04-30,,,,,,
Jonathon Brooks,RB,2024,Texas,00-0039344,2024-04-30,,,,,,
Trey Benson,RB,2024,Florida St.,00-0039921,2024-04-30,,,,,,
Blake Corum,RB,2024,Michigan,00-0039738,2024-04-30,,,,,,
MarShawn Lloyd,RB,2024,USC,00-0039811,2024-04-30,,,,,,
Jaylen Wright,RB,2024,Tennessee,00-0039874,2024-04-30,,,,,,
Bucky Irving,RB,2024,Oregon,00-0039361,2024-04-30,,,,,,
Will Shipley,RB,2024,Clemson,00-0039746,2024-04-30,,,,,,
Ray Davis,RB,2024,Kentucky,00-0039875,2024-04-30,,,,,,
Isaac Guerendo,RB,2024,Louisville,00-0039363,2024-04-30,,,,,,
Braelon Allen,RB,2024,Wisconsin,00-0039794,2024-04-30,,,,,,
Audric Estime,RB,2024,Notre Dame,00-0039373,2024-04-30,,,,,,
Rasheen Ali,RB,2024,Marshall,00-0039796,2024-04-30,,,,,,
Tyrone Tracy Jr.,RB,2024,Purdue,00-0039384,2024-04-30,,,,,,
Keilan Robinson,RB,2024,Texas,00-0039385,2024-04-30,,,,,,
Isaiah Davis,RB,2024,South Dakota St.,00-0039798,2024-04-30,,,,,,
Kimani Vidal,RB,2024,Troy,00-0039391,2024-04-30,,,,,,
Jase McClellan,RB,2024,Alabama,00-0039393,2024-04-30,,,,,,
Jawhar Jordan,RB,2024,Louisville,00-0039405,2024-04-30,,,,,,
Dylan Laube,RB,2024,New Hampshire,00-0039407,2024-04-30,,,,,,
Marvin Harrison Jr.,WR,2024,Ohio St.,00-0039849,2024-04-30,,,,,,
Malik Nabers,WR,2024,LSU,00-0039337,2024-04-30,,,,,,
Rome Odunze,WR,2024,Washington,00-0039919,2024-04-30,,,,,,
Brian Thomas,WR,2024,LSU,00-0039893,2024-04-30,,,,,,
Xavier Worthy,WR,2024,Texas,00-0039894,2024-04-30,,,,,,
Ricky Pearsall,WR,2024,Florida,00-0039916,2024-04-30,,,,,,
Xavier Legette,WR,2024,South Carolina,00-0039342,2024-04-30,,,,,,
Keon Coleman,WR,2024,Florida St.,00-0039901,2024-04-30,,,,,,
Ladd McConkey,WR,2024,Georgia,00-0039915,2024-04-30,,,,,,
Ja'Lynn Polk,WR,2024,Washington,00-0039907,2024-04-30,,,,,,
Adonai Mitchell,WR,2024,Texas,00-0039890,2024-04-30,,,,,,
Malachi Corley,WR,2024,Western Kentucky,00-0039920,2024-04-30,,,,,,
Jermaine Burton,WR,2024,Alabama,00-0039810,2024-04-30,,,,,,
Roman Wilson,WR,2024,Michigan,00-0039739,2024-04-30,,,,,,
Jalen McMillan,WR,2024,Washington,00-0039855,2024-04-30,,,,,,
Luke McCaffrey,WR,2024,Rice,00-0039355,2024-04-30,,,,,,
Troy Franklin,WR,2024,Oregon,00-0039868,2024-04-30,,,,,,
Javon Baker,WR,2024,Central Florida,00-0039853,2024-04-30,,,,,,
Devontez Walker,WR,2024,North Carolina,00-0039792,2024-04-30,,,,,,
Jacob Cowing,WR,2024,Arizona,00-0039365,2024-04-30,,,,,,
Anthony Gould,WR,2024,Oregon St.,00-0039816,2024-04-30,,,,,,
Ainias Smith,WR,2024,Texas A&M,00-0039747,2024-04-30,,,,,,
Jamari Thrash,WR,2024,Louisville,00-0039379,2024-04-30,,,,,,
Bub Means,WR,2024,Pittsburgh,00-0039386,2024-04-30,,,,,,
Jha'Quan Jackson,WR,2024,Tulane,00-0039392,2024-04-30,,,,,,
Malik Washington,WR,2024,Virginia,00-0039880,2024-04-30,,,,,,
Johnny Wilson,WR,2024,Florida St.,00-0039236,2024-04-30,,,,,,
Casey Washington,WR,2024,Illinois,00-0039394,2024-04-30,,,,,,
Tejhaun Palmer,WR,2024,Ala-Birmingham,00-0039397,2024-04-30,,,,,,
Jordan Whittington,WR,2024,Texas,00-0039751,2024-04-30,,,,,,
Ryan Flournoy,WR,2024,SE Missouri St.,00-0039410,2024-04-30,,,,,,
Brenden Rice,WR,2024,USC,00-0039415,2024-04-30,,,,,,
Devaughn Vele,WR,2024,Utah,00-0039424,2024-04-30,,,,,,
Tahj Washington,WR,2024,USC,00-0039884,2024-04-30,,,,,,
Cornelius Johnson,WR,2024,Michigan,00-0039437,2024-04-30,,,,,,
Ashton Jeanty,RB,2025,Boise St.,00-0040122,2025-04-30,,,,,,
Omarion Hampton,RB,2025,North Carolina,00-0040666,2025-04-30,,,,,,
Quinshon Judkins,RB,2025,Ohio St.,00-0040784,2025-04-30,,,,,,
TreVeyon Henderson,RB,2025,Ohio St.,00-0040734,2025-04-30,,,,,,
RJ Harvey,RB,2025,Central Florida,00-0040730,2025-04-30,,,,,,
Kaleb Johnson,RB,2025,Iowa,00-0040142,2025-04-30,,,,,,
Bhayshul Tuten,RB,2025,Virginia Tech,00-0040719,2025-04-30,,,,,,
Cam Skattebo,RB,2025,Arizona St.,00-0040715,2025-04-30,,,,,,
Trevor Etienne,RB,2025,Georgia,00-0040644,2025-04-30,,,,,,
Woody Marks,RB,2025,USC,00-0040583,2025-04-30,,,,,,
Jarquez Hunter,RB,2025,Auburn,00-0040692,2025-04-30,,,,,,
Dylan Sampson,RB,2025,Tennessee,00-0040162,2025-04-30,,,,,,
Jordan James,RB,2025,Oregon,00-0040177,2025-04-30,,,,,,
Jaydon Blue,RB,2025,Texas,00-0040586,2025-04-30,,,,,,
DJ Giddens,RB,2025,Kansas St.,00-0040179,2025-04-30,,,,,,
Ollie Gordon,RB,2025,Oklahoma St.,00-0040198,2025-04-30,,,,,,
Devin Neal,RB,2025,Kansas,00-0040202,2025-04-30,,,,,,
Kalel Mullings,RB,2025,Michigan,00-0040205,2025-04-30,,,,,,
Tahj Brooks,RB,2025,Texas Tech,00-0040208,2025-04-30,,,,,,
Damien Martinez,RB,2025,Miami (FL),00-0040651,2025-04-30,,,,,,
Brashard Smith,RB,2025,SMU,00-0040078,2025-04-30,,,,,,
Kyle Monangai,RB,2025,Rutgers,00-0040236,2025-04-30,,,,,,
LeQuint Allen,RB,2025,Syracuse,00-0040238,2025-04-30,,,,,,
Phil Mafah,RB,2025,Clemson,00-0040021,2025-04-30,,,,,,
Jacory Croskey-Merritt,RB,2025,Arizona,00-0040242,2025-04-30,,,,,,
Travis Hunter,WR,2025,Colorado,00-0040718,2025-04-30,,,,,,
Tetairoa McMillan,WR,2025,Arizona,00-0040124,2025-04-30,,,,,,
Emeka Egbuka,WR,2025,Ohio St.,00-0040129,2025-04-30,,,,,,
Matthew Golden,WR,2025,Texas,00-0040667,2025-04-30,,,,,,
Jayden Higgins,WR,2025,Iowa St.,00-0040130,2025-04-30,,,,,,
Luther Burden,WR,2025,Missouri,00-0040735,2025-04-30,,,,,,
Tre Harris,WR,2025,Mississippi,00-0040727,2025-04-30,,,,,,
Cleveland Harris,WR,2025,Mississippi,HarrTr03,2025-04-30,,,,,,
Jack Bech,WR,2025,TCU,00-0040729,2025-04-30,,,,,,
Kyle Williams,WR,2025,Washington St.,00-0040131,2025-04-30,,,,,,
Isaac TeSlaa,WR,2025,Arkansas,00-0040669,2025-04-30,,,,,,
Pat Bryant,WR,2025,Illinois,00-0040134,2025-04-30,,,,,,
Jaylin Noel,WR,2025,Iowa St.,00-0040138,2025-04-30,,,,,,
Savion Williams,WR,2025,TCU,00-0040009,2025-04-30,,,,,,
Tai Felton,WR,2025,Maryland,00-0040154,2025-04-30,,,,,,
Chimere Dike,WR,2025,Florida,00-0040705,2025-04-30,,,,,,
Dont'e Thornton,WR,2025,Tennessee,00-0040581,2025-04-30,,,,,,
Arian Smith,WR,2025,Georgia,00-0040582,2025-04-30,,,,,,
Jaylin Lane,WR,2025,Virginia Tech,00-0040164,2025-04-30,,,,,,
Joshua Lane,WR,2025,Virginia Tech,LaneJa00,2025-04-30,,,,,,
Jalen Royals,WR,2025,Utah St.,00-0040646,2025-04-30,,,,,,
Elic Ayomanor,WR,2025,Stanford,00-0040170,2025-04-30,,,,,,
Jordan Watkins,WR,2025,Mississippi,00-0040172,2025-04-30,,,,,,
KeAndre Lambert-Smith,WR,2025,Auburn,00-0040184,2025-04-30,,,,,,
Tory Horton,WR,2025,Colorado St.,00-0040648,2025-04-30,,,,,,
LaJohntay Wester,WR,2025,Colorado,00-0040075,2025-04-30,,,,,,
Jimmy Horn,WR,2025,Colorado,00-0040218,2025-04-30,,,,,,
Tez Johnson,WR,2025,Oregon,00-0040237,2025-04-30,,,,,,
Ricky White,WR,2025,UNLV,00-0040653,2025-04-30,,,,,,
Kaden Prather,WR,2025,Maryland,PratKa00,2025-04-30,,,,,,
Konata Mumpfield,WR,2025,Pittsburgh,00-0040590,2025-04-30,,,,,,
Dominic Lovett,WR,2025,Georgia,00-0040241,2025-04-30,,,,,,
Junior Bergen,WR,2025,Montana,00-0040247,2025-04-30,,,,,,
Jeremiyah Love,RB,2026,Notre Dame,LOV121782,2026-04-30,,,,,,
Jadarian Price,RB,2026,Notre Dame,PRI206342,2026-04-30,,,,,,
Kaelon Black,RB,2026,Indiana,BLA097235,2026-04-30,,,,,,
Jonah Coleman,RB,2026,Washington,COL293648,2026-04-30,,,,,,
Mike Washington Jr.,RB,2026,Arkansas,WAS797326,2026-04-30,,,,,,
Emmett Johnson,RB,2026,Nebraska,JOH224817,2026-04-30,,,,,,
Nicholas Singleton,RB,2026,Penn St.,SingNi01,2026-04-30,,,,,,
Adam Randall,RB,2026,Clemson,RAN022436,2026-04-30,,,,,,
Kaytron Allen,RB,2026,Penn St.,ALL532376,2026-04-30,,,,,,
Demond Claiborne,RB,2026,Wake Forest,CLA041524,2026-04-30,,,,,,
Seth McGowan,RB,2026,Kentucky,MCG547540,2026-04-30,,,,,,
Jam Miller,RB,2026,Alabama,MIL303300,2026-04-30,,,,,,
Carnell Tate,WR,2026,Ohio St.,TAT143045,2026-04-30,,,,,,
Jordyn Tyson,WR,2026,Arizona St.,TYS405541,2026-04-30,,,,,,
Makai Lemon,WR,2026,USC,LEM694125,2026-04-30,,,,,,
KC Concepcion,WR,2026,Texas A&M,CON046719,2026-04-30,,,,,,
Omar Cooper Jr.,WR,2026,Indiana,COO816508,2026-04-30,,,,,,
De'Zhaun Stribling,WR,2026,Mississippi,StriDe01,2026-04-30,,,,,,
Denzel Boston,WR,2026,Washington,BOS677861,2026-04-30,,,,,,
Germie Bernard,WR,2026,Alabama,BER218265,2026-04-30,,,,,,
Antonio Williams,WR,2026,Clemson,WIL143106,2026-04-30,,,,,,
Malachi Fields,WR,2026,Notre Dame,FIE775129,2026-04-30,,,,,,
Caleb Douglas,WR,2026,Texas Tech,DOU210628,2026-04-30,,,,,,
Zachariah Branch,WR,2026,Georgia,BRA531428,2026-04-30,,,,,,
Ja'Kobi Lane,WR,2026,USC,LAN311008,2026-04-30,,,,,,
Chris Brazzell II,WR,2026,Tennessee,BRA836631,2026-04-30,,,,,,
Ted Hurst,WR,2026,Georgia St.,HUR541377,2026-04-30,,,,,,
Zavion Thomas,WR,2026,LSU,THO417520,2026-04-30,,,,,,
Chris Bell,WR,2026,Louisville,BEL267684,2026-04-30,,,,,,
Brenen Thompson,WR,2026,Mississippi St.,THO495568,2026-04-30,,,,,,
Elijah Sarratt,WR,2026,Indiana,SAR527100,2026-04-30,,,,,,
Kaden Wetjen,WR,2026,Iowa,WET055619,2026-04-30,,,,,,
Skyler Bell,WR,2026,Connecticut,BEL597603,2026-04-30,,,,,,
Bryce Lance,WR,2026,North Dakota St.,LAN016345,2026-04-30,,,,,,
Colbie Young,WR,2026,Georgia,YounCo01,2026-04-30,,,,,,
Reggie Virgil,WR,2026,Texas Tech,VIR271235,2026-04-30,,,,,,
Kendrick Law,WR,2026,Kentucky,LAW090280,2026-04-30,,,,,,
Cyrus Allen,WR,2026,Cincinnati,ALL092954,2026-04-30,,,,,,
Kevin Coleman Jr.,WR,2026,Missouri,COL362413,2026-04-30,,,,,,
Barion Brown,WR,2026,LSU,BRO268113,2026-04-30,,,,,,
Josh Cameron,WR,2026,Baylor,CAM108646,2026-04-30,,,,,,
Malik Benson,WR,2026,Oregon,BEN601117,2026-04-30,,,,,,
CJ Daniels,WR,2026,Miami (FL),DAN490797,2026-04-30,,,,,,
Emmanuel Henderson Jr.,WR,2026,Kansas,HEN199637,2026-04-30,,,,,,
CJ Williams,WR,2026,Stanford,WIL189259,2026-04-30,,,,,,
Lewis Bond,WR,2026,Boston Col.,BON235618,2026-04-30,,,,,,
Anthony Smith,WR,2026,East Carolina,SMI038569,2026-04-30,,,,,,
Deion Burks,WR,2026,Oklahoma,BurkDe02,2026-04-30,,,,,,
