name,position,class_year,school,external_id,scoring_date,target_share
Clyde Edwards-Helaire,RB,2020,LSU,00-0036360,2020-04-30,0.13348946135831383
D'Andre Swift,RB,2020,Georgia,00-0036275,2020-04-30,0.08682634730538923
Jonathan Taylor,RB,2020,Wisconsin,00-0036223,2020-04-30,0.11904761904761904
Cam Akers,RB,2020,Florida St.,00-0036414,2020-04-30,0.10914454277286136
J.K. Dobbins,RB,2020,Ohio St.,00-0036158,2020-04-30,0.06451612903225806
AJ Dillon,RB,2020,Boston Col.,00-0036265,2020-04-30,0.06818181818181818
Antonio Gibson,RB,2020,Memphis,00-0036328,2020-04-30,
Ke'Shawn Vaughn,RB,2020,Illinois,00-0036450,2020-04-30,0.10921501706484642
Zack Moss,RB,2020,Utah,00-0036251,2020-04-30,0.116
Darrynton Evans,RB,2020,Appalachian St.,00-0036297,2020-04-30,
Joshua Kelley,RB,2020,UCLA,00-0036370,2020-04-30,0.04132231404958678
La'Mical Perine,RB,2020,Florida,00-0036269,2020-04-30,0.12202380952380952
Anthony McFarland Jr.,RB,2020,Maryland,00-0036336,2020-04-30,0.0963855421686747
DeeJay Dallas,RB,2020,Miami (FL),00-0036425,2020-04-30,0.060897435897435896
Jason Huntley,RB,2020,New Mexico St.,00-0036278,2020-04-30,0.13128491620111732
Eno Benjamin,RB,2020,Arizona St.,00-0036383,2020-04-30,0.16554054054054054
Raymond Calais,RB,2020,Louisiana,00-0036435,2020-04-30,0.03076923076923077
Malcolm Perry,RB,2020,Navy,00-0036245,2020-04-30,
Henry Ruggs III,WR,2020,Alabama,00-0036357,2020-04-30,0.15028901734104047
Jerry Jeudy,WR,2020,Alabama,00-0036407,2020-04-30,0.2745664739884393
CeeDee Lamb,WR,2020,Oklahoma,00-0036358,2020-04-30,0.24584717607973422
Jalen Reagor,WR,2020,TCU,00-0036387,2020-04-30,0.22758620689655173
Justin Jefferson,WR,2020,LSU,00-0036322,2020-04-30,0.22716627634660422
Brandon Aiyuk,WR,2020,Arizona St.,00-0036261,2020-04-30,0.3141891891891892
Tee Higgins,WR,2020,Clemson,00-0036410,2020-04-30,0.1702127659574468
Michael Pittman Jr.,WR,2020,USC,00-0036252,2020-04-30,0.2762836185819071
Laviska Shenault Jr.,WR,2020,Colorado,00-0036268,2020-04-30,0.21937321937321938
KJ Hamler,WR,2020,Penn St.,00-0036412,2020-04-30,0.29044117647058826
Chase Claypool,WR,2020,Notre Dame,00-0036326,2020-04-30,0.2849002849002849
Van Jefferson,WR,2020,Florida,00-0036415,2020-04-30,0.15773809523809523
Denzel Mims,WR,2020,Baylor,00-0036255,2020-04-30,0.283987915407855
Antonio Gibson,WR,2020,Memphis,GibsAn00,2020-04-30,
Lynn Bowden Jr.,WR,2020,Kentucky,00-0036364,2020-04-30,0.2631578947368421
Bryan Edwards,WR,2020,South Carolina,00-0036365,2020-04-30,0.255050505050505
Devin Duvernay,WR,2020,Texas,00-0036331,2020-04-30,0.2932692307692308
Gabe Davis,WR,2020,Central Florida,00-0036196,2020-04-30,
Gabriel Davis,WR,2020,UCF,DaviGa01,2020-04-30,
Antonio Gandy-Golden,WR,2020,Liberty,00-0036340,2020-04-30,0.3323170731707317
Joe Reed,WR,2020,Virginia,00-0036377,2020-04-30,0.2413793103448276
Tyler Johnson,WR,2020,Minnesota,00-0036427,2020-04-30,0.37109375
Collin Johnson,WR,2020,Texas,00-0036254,2020-04-30,0.1346153846153846
Quintez Cephus,WR,2020,Wisconsin,00-0036277,2020-04-30,0.2619047619047619
John Hightower,WR,2020,Boise St.,00-0036398,2020-04-30,0.21525885558583105
Isaiah Coulter,WR,2020,Rhode Island,00-0036308,2020-04-30,
Darnell Mooney,WR,2020,Tulane,00-0036309,2020-04-30,0.275092936802974
K.J. Osborn,WR,2020,Miami (FL),00-0036345,2020-04-30,0.20833333333333334
Donovan Peoples-Jones,WR,2020,Michigan,00-0036233,2020-04-30,0.15384615384615385
Quez Watkins,WR,2020,Southern Miss,00-0036271,2020-04-30,
James Proche,WR,2020,SMU,00-0036133,2020-04-30,0.3616504854368932
Isaiah Hodgins,WR,2020,Oregon St.,00-0036165,2020-04-30,0.325068870523416
Dezmon Patmon,WR,2020,Washington St.,00-0036228,2020-04-30,0.1280701754385965
Freddie Swain,WR,2020,Florida,00-0036247,2020-04-30,0.14285714285714285
Jauan Jennings,WR,2020,Tennessee,00-0036259,2020-04-30,0.31226765799256506
K.J. Hill,WR,2020,Ohio St.,00-0036382,2020-04-30,0.1906158357771261
Malcolm Perry,WR,2020,Navy,PerrMa00,2020-04-30,
Tyrie Cleveland,WR,2020,Florida,00-0036439,2020-04-30,0.06845238095238096
Najee Harris,RB,2021,Alabama,00-0036893,2021-04-30,0.1253731343283582
Travis Etienne,RB,2021,Clemson,00-0036973,2021-04-30,0.14066496163682865
Javonte Williams,RB,2021,North Carolina,00-0036997,2021-04-30,0.09712230215827339
Trey Sermon,RB,2021,Ohio St.,00-0036984,2021-04-30,0.07792207792207792
Michael Carter,RB,2021,North Carolina,00-0036924,2021-04-30,0.10431654676258993
Kene Nwangwu,RB,2021,Iowa St.,00-0036842,2021-04-30,0.012345679012345678
Rhamondre Stevenson,RB,2021,Oklahoma,00-0036875,2021-04-30,0.07446808510638298
Chuba Hubbard,RB,2021,Oklahoma St.,00-0036555,2021-04-30,0.03759398496240601
Kenneth Gainwell,RB,2021,Memphis,00-0036919,2021-04-30,
Elijah Mitchell,RB,2021,Louisiana,00-0036567,2021-04-30,0.06995884773662552
Gary Brightwell,RB,2021,Arizona,00-0036569,2021-04-30,0.11409395973154363
Larry Rountree,RB,2021,Missouri,00-0036650,2021-04-30,0.06042296072507553
Chris Evans,RB,2021,Michigan,00-0036857,2021-04-30,0.05102040816326531
Demetric Felton,RB,2021,UCLA,00-0036654,2021-04-30,0.1534090909090909
Khalil Herbert,RB,2021,Virginia Tech,00-0036906,2021-04-30,0.06334841628959276
Jake Funk,RB,2021,Maryland,00-0036860,2021-04-30,0.07913669064748201
Gerrid Doaks,RB,2021,Cincinnati,00-0036578,2021-04-30,0.06190476190476191
Kylin Hill,RB,2021,Mississippi St.,00-0036669,2021-04-30,0.05870020964360587
Jermar Jefferson,RB,2021,Oregon St.,00-0036670,2021-04-30,0.05714285714285714
Ja'Marr Chase,WR,2021,LSU,00-0036900,2021-04-30,0.2388758782201405
Jaylen Waddle,WR,2021,Alabama,00-0036613,2021-04-30,0.08656716417910448
DeVonta Smith,WR,2021,Alabama,00-0036912,2021-04-30,0.3641791044776119
Kadarius Toney,WR,2021,Florida,00-0036913,2021-04-30,0.20140515222482436
Rashod Bateman,WR,2021,Minnesota,00-0036550,2021-04-30,0.3167701863354037
Elijah Moore,WR,2021,Mississippi,00-0036980,2021-04-30,0.36771300448430494
Rondale Moore,WR,2021,Purdue,00-0036936,2021-04-30,0.1906779661016949
D'Wayne Eskridge,WR,2021,Western Michigan,00-0036620,2021-04-30,
Tutu Atwell,WR,2021,Louisville,00-0036849,2021-04-30,
Terrace Marshall Jr.,WR,2021,LSU,00-0036955,2021-04-30,0.17875647668393782
Josh Palmer,WR,2021,Tennessee,00-0036988,2021-04-30,
Dyami Brown,WR,2021,North Carolina,00-0036626,2021-04-30,0.2841726618705036
Amari Rodgers,WR,2021,Clemson,00-0036991,2021-04-30,0.21994884910485935
Nico Collins,WR,2021,Michigan,00-0036554,2021-04-30,0.15384615384615385
Anthony Schwartz,WR,2021,Auburn,00-0036999,2021-04-30,0.2793103448275862
Dez Fitzpatrick,WR,2021,Louisville,00-0036627,2021-04-30,0.23333333333333334
Amon-Ra St. Brown,WR,2021,USC,00-0036963,2021-04-30,0.2413793103448276
Jaelon Darden,WR,2021,North Texas,00-0036877,2021-04-30,0.47767857142857145
Tylan Wallace,WR,2021,Oklahoma St.,00-0036630,2021-04-30,0.2932330827067669
Jacob Harris,WR,2021,Central Florida,00-0036918,2021-04-30,0.1471698113207547
Ihmir Smith-Marsette,WR,2021,Iowa,00-0036635,2021-04-30,0.18137254901960784
Simi Fehoko,WR,2021,Stanford,00-0036646,2021-04-30,0.28426395939086296
Cornell Powell,WR,2021,Clemson,00-0036647,2021-04-30,0.16112531969309463
Frank Darby,WR,2021,Arizona St.,00-0036951,2021-04-30,0.14285714285714285
Marquez Stevenson,WR,2021,Houston,00-0036571,2021-04-30,0.11739130434782609
Shi Smith,WR,2021,South Carolina,00-0036572,2021-04-30,0.3137254901960784
Racey McMath,WR,2021,LSU,00-0036652,2021-04-30,0.054404145077720206
Jalen Camp,WR,2021,Georgia Tech,00-0036858,2021-04-30,0.15584415584415584
Seth Williams,WR,2021,Auburn,00-0036657,2021-04-30,0.27586206896551724
Dazz Newsome,WR,2021,North Carolina,00-0036907,2021-04-30,0.1906474820143885
Mike Strachan,WR,2021,Charleston (WV),00-0036482,2021-04-30,
Tre Nixon,WR,2021,Central Florida,00-0036536,2021-04-30,0.07924528301886792
Ben Skowronek,WR,2021,Notre Dame,00-0036862,2021-04-30,0.12627986348122866
Kawaan Baker,WR,2021,South Alabama,00-0036939,2021-04-30,0.21587301587301588
Dax Milne,WR,2021,BYU,00-0036671,2021-04-30,0.25752508361204013
Breece Hall,RB,2022,Iowa St.,00-0038120,2022-04-30,0.11188811188811189
Kenneth Walker III,RB,2022,Michigan St.,00-0038134,2022-04-30,0.06204379562043796
James Cook,RB,2022,Georgia,00-0037248,2022-04-30,0.07857142857142857
Rachaad White,RB,2022,Arizona St.,00-0037256,2022-04-30,0.2017167381974249
Tyrion Davis-Price,RB,2022,LSU,00-0037827,2022-04-30,0.03793103448275862
Brian Robinson Jr.,RB,2022,Alabama,00-0037746,2022-04-30,0.08490566037735849
Dameon Pierce,RB,2022,Florida,00-0037258,2022-04-30,0.050505050505050504
Zamir White,RB,2022,Georgia,00-0038040,2022-04-30,0.02857142857142857
Isaiah Spiller,RB,2022,Texas A&M,00-0038045,2022-04-30,0.11643835616438356
Pierre Strong,RB,2022,South Dakota St.,00-0038098,2022-04-30,
Hassan Haskins,RB,2022,Michigan,00-0037617,2022-04-30,0.058823529411764705
Tyler Allgeier,RB,2022,BYU,00-0037263,2022-04-30,0.11151079136690648
Snoop Conner,RB,2022,Mississippi,00-0037265,2022-04-30,0.041666666666666664
Jerome Ford,RB,2022,Cincinnati,00-0037267,2022-04-30,0.061488673139158574
Kyren Williams,RB,2022,Notre Dame,00-0037840,2022-04-30,0.13753581661891118
Ty Chandler,RB,2022,North Carolina,00-0037276,2022-04-30,0.046357615894039736
Tykevious Chandler,RB,2022,North Carolina,ChanTy01,2022-04-30,
Kevin Harris,RB,2022,South Carolina,00-0037286,2022-04-30,
Tyler Badie,RB,2022,Missouri,00-0037085,2022-04-30,0.21292775665399238
Keaontay Ingram,RB,2022,USC,00-0037299,2022-04-30,0.056511056511056514
Trestan Ebner,RB,2022,Baylor,00-0037087,2022-04-30,0.10652920962199312
Brittain Brown,RB,2022,UCLA,00-0037329,2022-04-30,0.07441860465116279
Isiah Pacheco,RB,2022,Rutgers,00-0037197,2022-04-30,
Zander Horvath,RB,2022,Purdue,00-0037331,2022-04-30,
Drake London,WR,2022,USC,00-0037238,2022-04-30,0.23832923832923833
Garrett Wilson,WR,2022,Ohio St.,00-0037740,2022-04-30,0.24162679425837322
Chris Olave,WR,2022,Ohio St.,00-0037239,2022-04-30,0.22966507177033493
Jameson Williams,WR,2022,Alabama,00-0037240,2022-04-30,0.2240566037735849
Jahan Dotson,WR,2022,Penn St.,00-0037741,2022-04-30,0.3438395415472779
Treylon Burks,WR,2022,Arkansas,00-0037742,2022-04-30,0.32456140350877194
Christian Watson,WR,2022,North Dakota St.,00-0038124,2022-04-30,
Wan'Dale Robinson,WR,2022,Kentucky,00-0038117,2022-04-30,0.40070921985815605
John Metchie,WR,2022,Alabama,00-0037614,2022-04-30,0.2830188679245283
Tyquan Thornton,WR,2022,Baylor,00-0038104,2022-04-30,0.28865979381443296
George Pickens,WR,2022,Georgia,00-0037247,2022-04-30,0.02142857142857143
Alec Pierce,WR,2022,Cincinnati,00-0037664,2022-04-30,0.23300970873786409
Skyy Moore,WR,2022,Western Michigan,00-0038090,2022-04-30,0.41304347826086957
Velus Jones Jr.,WR,2022,Tennessee,00-0037745,2022-04-30,0.213768115942029
Jalen Tolbert,WR,2022,South Alabama,00-0037666,2022-04-30,0.3424124513618677
David Bell,WR,2022,Purdue,00-0037257,2022-04-30,0.2650334075723831
Danny Gray,WR,2022,SMU,00-0037828,2022-04-30,0.16292134831460675
Erik Ezukanma,WR,2022,Texas Tech,00-0038092,2022-04-30,0.1948529411764706
Romeo Doubs,WR,2022,Nevada,00-0037816,2022-04-30,0.20588235294117646
Calvin Austin III,WR,2022,Memphis,00-0037837,2022-04-30,0.2724358974358974
Khalil Shakir,WR,2022,Boise St.,00-0037261,2022-04-30,0.30855018587360594
Montrell Washington,WR,2022,Samford,00-0037272,2022-04-30,
Kyle Philips,WR,2022,UCLA,00-0037273,2022-04-30,0.2744186046511628
Jalen Nailor,WR,2022,Michigan St.,00-0037291,2022-04-30,0.145985401459854
Michael Woods II,WR,2022,Oklahoma,00-0037300,2022-04-30,0.1393188854489164
Mike Woods,WR,2022,Oklahoma,WoodMi00,2022-04-30,
Bo Melton,WR,2022,Rutgers,00-0037091,2022-04-30,0.25190839694656486
Dareke Young,WR,2022,Lenoir-Rhyne,00-0037093,2022-04-30,
Samori Toure,WR,2022,Nebraska,00-0037098,2022-04-30,0.22983870967741934
Bijan Robinson,RB,2023,Texas,00-0038542,2023-04-30,0.09539473684210527
Jahmyr Gibbs,RB,2023,Alabama,00-0039139,2023-04-30,0.15249266862170088
Zach Charbonnet,RB,2023,UCLA,00-0039165,2023-04-30,0.14705882352941177
Kendre Miller,RB,2023,TCU,00-0038551,2023-04-30,0.06325301204819277
Tyjae Spears,RB,2023,Tulane,00-0039032,2023-04-30,0.08846153846153847
De'Von Achane,RB,2023,Texas A&M,00-0039040,2023-04-30,0.15467625899280577
Tank Bigsby,RB,2023,Auburn,00-0038555,2023-04-30,0.17708333333333334
Roschon Johnson,RB,2023,Texas,00-0039021,2023-04-30,0.049342105263157895
Israel Abanikanda,RB,2023,Pittsburgh,00-0038389,2023-04-30,0.06140350877192982
Chase Brown,RB,2023,Illinois,00-0038597,2023-04-30,0.10135135135135136
Eric Gray,RB,2023,Oklahoma,00-0038396,2023-04-30,0.11538461538461539
Evan Hull,RB,2023,Northwestern,00-0038397,2023-04-30,0.19215686274509805
Chris Rodriguez,RB,2023,Kentucky,00-0038611,2023-04-30,0.030973451327433628
Deuce Vaughn,RB,2023,Kansas St.,00-0038622,2023-04-30,0.1875
Zach Evans,RB,2023,Mississippi,00-0039136,2023-04-30,0.044
DeWayne McBride,RB,2023,Ala-Birmingham,00-0039046,2023-04-30,0.016483516483516484
Lew Nichols,RB,2023,Central Michigan,00-0038409,2023-04-30,0.0880281690140845
Kenny McIntosh,RB,2023,Georgia,00-0038636,2023-04-30,0.10857142857142857
Jaxon Smith-Njigba,WR,2023,Ohio St.,00-0038543,2023-04-30,0.02556818181818182
Quentin Johnston,WR,2023,TCU,00-0038544,2023-04-30,0.22289156626506024
Zay Flowers,WR,2023,Boston Col.,00-0039064,2023-04-30,0.296028880866426
Jordan Addison,WR,2023,USC,00-0038994,2023-04-30,0.21008403361344538
Jonathan Mingo,WR,2023,Mississippi,00-0039062,2023-04-30,0.236
Jayden Reed,WR,2023,Michigan St.,00-0039146,2023-04-30,0.20454545454545456
Rashee Rice,WR,2023,SMU,00-0039067,2023-04-30,0.30625
Marvin Mims,WR,2023,Oklahoma,00-0038976,2023-04-30,0.22692307692307692
Tank Dell,WR,2023,Houston,00-0038977,2023-04-30,
Nathaniel Dell,WR,2023,Houston,DellNa00,2023-04-30,
Jalin Hyatt,WR,2023,Tennessee,00-0038938,2023-04-30,0.24057971014492754
Cedric Tillman,WR,2023,Tennessee,00-0038979,2023-04-30,0.16231884057971013
Josh Downs,WR,2023,North Carolina,00-0038997,2023-04-30,0.2616136919315403
Michael Wilson,WR,2023,Stanford,00-0038559,2023-04-30,0.09508196721311475
Tre Tucker,WR,2023,Cincinnati,00-0038563,2023-04-30,0.22093023255813954
Derius Davis,WR,2023,TCU,00-0038573,2023-04-30,0.14759036144578314
Charlie Jones,WR,2023,Purdue,00-0038576,2023-04-30,0.3059490084985836
Tyler Scott,WR,2023,Cincinnati,00-0038941,2023-04-30,0.2364341085271318
Justin Shorter,WR,2023,Florida,00-0038590,2023-04-30,
Dontayvion Wicks,WR,2023,Virginia,00-0038393,2023-04-30,0.19927536231884058
Puka Nacua,WR,2023,BYU,00-0039075,2023-04-30,0.1417004048582996
Parker Washington,WR,2023,Penn St.,00-0038606,2023-04-30,0.17684887459807075
Kayshon Boutte,WR,2023,LSU,00-0038608,2023-04-30,0.18128654970760233
Trey Palmer,WR,2023,Nebraska,00-0039052,2023-04-30,0.3424124513618677
A.T. Perry,WR,2023,Wake Forest,00-0038612,2023-04-30,0.2776203966005666
Elijah Higgins,WR,2023,Stanford,00-0039041,2023-04-30,0.21967213114754097
Xavier Hutchinson,WR,2023,Iowa St.,00-0038618,2023-04-30,0.329608938547486
Andrei Iosivas,WR,2023,Princeton,00-0038619,2023-04-30,
DeMario Douglas,WR,2023,Liberty,00-0038621,2023-04-30,0.32242990654205606
Antoine Green,WR,2023,North Carolina,00-0038627,2023-04-30,0.1491442542787286
Colton Dowell,WR,2023,UT Martin,00-0038632,2023-04-30,
Jalen Brooks,WR,2023,South Carolina,00-0038640,2023-04-30,0.14388489208633093
Ronnie Bell,WR,2023,Michigan,00-0038647,2023-04-30,0.27491408934707906
Grant Dubose,WR,2023,Charlotte,00-0038507,2023-04-30,0.23293172690763053
Jonathon Brooks,RB,2024,Texas,00-0039344,2024-04-30,0.0707070707070707
Trey Benson,RB,2024,Florida St.,00-0039921,2024-04-30,0.05929919137466307
Blake Corum,RB,2024,Michigan,00-0039738,2024-04-30,0.056291390728476824
MarShawn Lloyd,RB,2024,USC,00-0039811,2024-04-30,0.040345821325648415
Jaylen Wright,RB,2024,Tennessee,00-0039874,2024-04-30,0.06
Bucky Irving,RB,2024,Oregon,00-0039361,2024-04-30,
Will Shipley,RB,2024,Clemson,00-0039746,2024-04-30,0.09350649350649351
Ray Davis,RB,2024,Kentucky,00-0039875,2024-04-30,0.13409961685823754
Isaac Guerendo,RB,2024,Louisville,00-0039363,2024-04-30,0.06909090909090909
Braelon Allen,RB,2024,Wisconsin,00-0039794,2024-04-30,0.07692307692307693
Audric Estime,RB,2024,Notre Dame,00-0039373,2024-04-30,0.06666666666666667
Rasheen Ali,RB,2024,Marshall,00-0039796,2024-04-30,0.1059190031152648
Tyrone Tracy Jr.,RB,2024,Purdue,00-0039384,2024-04-30,0.0778688524590164
Keilan Robinson,RB,2024,Texas,00-0039385,2024-04-30,0.022727272727272728
Isaiah Davis,RB,2024,South Dakota St.,00-0039798,2024-04-30,
Kimani Vidal,RB,2024,Troy,00-0039391,2024-04-30,0.05787781350482315
Jase McClellan,RB,2024,Alabama,00-0039393,2024-04-30,0.07063197026022305
Jawhar Jordan,RB,2024,Louisville,00-0039405,2024-04-30,0.07636363636363637
Dylan Laube,RB,2024,New Hampshire,00-0039407,2024-04-30,
Marvin Harrison Jr.,WR,2024,Ohio St.,00-0039849,2024-04-30,0.2635135135135135
Malik Nabers,WR,2024,LSU,00-0039337,2024-04-30,0.34513274336283184
Rome Odunze,WR,2024,Washington,00-0039919,2024-04-30,0.25316455696202533
Brian Thomas,WR,2024,LSU,00-0039893,2024-04-30,0.22123893805309736
Xavier Worthy,WR,2024,Texas,00-0039894,2024-04-30,0.2398989898989899
Ricky Pearsall,WR,2024,Florida,00-0039916,2024-04-30,0.22258064516129034
Xavier Legette,WR,2024,South Carolina,00-0039342,2024-04-30,0.25846153846153846
Keon Coleman,WR,2024,Florida St.,00-0039901,2024-04-30,0.20215633423180593
Ladd McConkey,WR,2024,Georgia,00-0039915,2024-04-30,0.09734513274336283
Ja'Lynn Polk,WR,2024,Washington,00-0039907,2024-04-30,0.18354430379746836
Adonai Mitchell,WR,2024,Texas,00-0039890,2024-04-30,0.19444444444444445
Malachi Corley,WR,2024,Western Kentucky,00-0039920,2024-04-30,0.22627737226277372
Jermaine Burton,WR,2024,Alabama,00-0039810,2024-04-30,0.1895910780669145
Roman Wilson,WR,2024,Michigan,00-0039739,2024-04-30,0.17880794701986755
Jalen McMillan,WR,2024,Washington,00-0039855,2024-04-30,0.12658227848101267
Luke McCaffrey,WR,2024,Rice,00-0039355,2024-04-30,0.2591549295774648
Troy Franklin,WR,2024,Oregon,00-0039868,2024-04-30,0.21890547263681592
Javon Baker,WR,2024,Central Florida,00-0039853,2024-04-30,0.23577235772357724
Devontez Walker,WR,2024,North Carolina,00-0039792,2024-04-30,0.1721311475409836
Jacob Cowing,WR,2024,Arizona,00-0039365,2024-04-30,0.25892857142857145
Anthony Gould,WR,2024,Oregon St.,00-0039816,2024-04-30,0.20675105485232068
Ainias Smith,WR,2024,Texas A&M,00-0039747,2024-04-30,0.1850828729281768
Jamari Thrash,WR,2024,Louisville,00-0039379,2024-04-30,0.2290909090909091
Bub Means,WR,2024,Pittsburgh,00-0039386,2024-04-30,
Jha'Quan Jackson,WR,2024,Tulane,00-0039392,2024-04-30,0.12758620689655173
Malik Washington,WR,2024,Virginia,00-0039880,2024-04-30,0.3903225806451613
Johnny Wilson,WR,2024,Florida St.,00-0039236,2024-04-30,0.15902964959568733
Casey Washington,WR,2024,Illinois,00-0039394,2024-04-30,0.18072289156626506
Tejhaun Palmer,WR,2024,Ala-Birmingham,00-0039397,2024-04-30,0.16558441558441558
Jordan Whittington,WR,2024,Texas,00-0039751,2024-04-30,0.12121212121212122
Ryan Flournoy,WR,2024,SE Missouri St.,00-0039410,2024-04-30,
Brenden Rice,WR,2024,USC,00-0039415,2024-04-30,0.14697406340057637
Devaughn Vele,WR,2024,Utah,00-0039424,2024-04-30,0.245
Tahj Washington,WR,2024,USC,00-0039884,2024-04-30,0.18155619596541786
Cornelius Johnson,WR,2024,Michigan,00-0039437,2024-04-30,0.18543046357615894
