name,position,class_year,school,external_id,scoring_date,early_declare
Ashton Jeanty,RB,2025,Boise St.,00-0040122,2025-04-30,true
Omarion Hampton,RB,2025,North Carolina,00-0040666,2025-04-30,true
Quinshon Judkins,RB,2025,Ohio St.,00-0040784,2025-04-30,false
TreVeyon Henderson,RB,2025,Ohio St.,00-0040734,2025-04-30,false
RJ Harvey,RB,2025,Central Florida,00-0040730,2025-04-30,false
Kaleb Johnson,RB,2025,Iowa,00-0040142,2025-04-30,true
Bhayshul Tuten,RB,2025,Virginia Tech,00-0040719,2025-04-30,false
Cam Skattebo,RB,2025,Arizona St.,00-0040715,2025-04-30,false
Trevor Etienne,RB,2025,Georgia,00-0040644,2025-04-30,true
Woody Marks,RB,2025,USC,00-0040583,2025-04-30,false
Jarquez Hunter,RB,2025,Auburn,00-0040692,2025-04-30,false
Dylan Sampson,RB,2025,Tennessee,00-0040162,2025-04-30,true
Jordan James,RB,2025,Oregon,00-0040177,2025-04-30,true
Jaydon Blue,RB,2025,Texas,00-0040586,2025-04-30,true
DJ Giddens,RB,2025,Kansas St.,00-0040179,2025-04-30,true
Ollie Gordon,RB,2025,Oklahoma St.,00-0040198,2025-04-30,true
Devin Neal,RB,2025,Kansas,00-0040202,2025-04-30,false
Kalel Mullings,RB,2025,Michigan,00-0040205,2025-04-30,false
Tahj Brooks,RB,2025,Texas Tech,00-0040208,2025-04-30,false
Damien Martinez,RB,2025,Miami (FL),00-0040651,2025-04-30,true
Brashard Smith,RB,2025,SMU,00-0040078,2025-04-30,false
Kyle Monangai,RB,2025,Rutgers,00-0040236,2025-04-30,false
LeQuint Allen,RB,2025,Syracuse,00-0040238,2025-04-30,true
Phil Mafah,RB,2025,Clemson,00-0040021,2025-04-30,false
Jacory Croskey-Merritt,RB,2025,Arizona,00-0040242,2025-04-30,false
Travis Hunter,WR,2025,Colorado,00-0040718,2025-04-30,false
Tetairoa McMillan,WR,2025,Arizona,00-0040124,2025-04-30,true
Emeka Egbuka,WR,2025,Ohio St.,00-0040129,2025-04-30,false
Matthew Golden,WR,2025,Texas,00-0040667,2025-04-30,true
Jayden Higgins,WR,2025,Iowa St.,00-0040130,2025-04-30,false
Luther Burden,WR,2025,Missouri,00-0040735,2025-04-30,true
Tre Harris,WR,2025,Mississippi,00-0040727,2025-04-30,false
Cleveland Harris,WR,2025,Mississippi,HarrTr03,2025-04-30,false
Jack Bech,WR,2025,TCU,00-0040729,2025-04-30,false
Kyle Williams,WR,2025,Washington St.,00-0040131,2025-04-30,false
Isaac TeSlaa,WR,2025,Arkansas,00-0040669,2025-04-30,false
Pat Bryant,WR,2025,Illinois,00-0040134,2025-04-30,false
Jaylin Noel,WR,2025,Iowa St.,00-0040138,2025-04-30,false
Savion Williams,WR,2025,TCU,00-0040009,2025-04-30,false
Tai Felton,WR,2025,Maryland,00-0040154,2025-04-30,false
Chimere Dike,WR,2025,Florida,00-0040705,2025-04-30,false
Dont'e Thornton,WR,2025,Tennessee,00-0040581,2025-04-30,false
Arian Smith,WR,2025,Georgia,00-0040582,2025-04-30,false
Jaylin Lane,WR,2025,Virginia Tech,00-0040164,2025-04-30,false
Joshua Lane,WR,2025,Virginia Tech,LaneJa00,2025-04-30,false
Jalen Royals,WR,2025,Utah St.,00-0040646,2025-04-30,false
Elic Ayomanor,WR,2025,Stanford,00-0040170,2025-04-30,true
Jordan Watkins,WR,2025,Mississippi,00-0040172,2025-04-30,false
KeAndre Lambert-Smith,WR,2025,Auburn,00-0040184,2025-04-30,false
Tory Horton,WR,2025,Colorado St.,00-0040648,2025-04-30,false
LaJohntay Wester,WR,2025,Colorado,00-0040075,2025-04-30,false
Jimmy Horn,WR,2025,Colorado,00-0040218,2025-04-30,false
Tez Johnson,WR,2025,Oregon,00-0040237,2025-04-30,false
Ricky White,WR,2025,UNLV,00-0040653,2025-04-30,false
Kaden Prather,WR,2025,Maryland,PratKa00,2025-04-30,false
Konata Mumpfield,WR,2025,Pittsburgh,00-0040590,2025-04-30,false
Dominic Lovett,WR,2025,Georgia,00-0040241,2025-04-30,false
Junior Bergen,WR,2025,Montana,00-0040247,2025-04-30,false
Jeremiyah Love,RB,2026,Notre Dame,LOV121782,2026-04-30,true
Jadarian Price,RB,2026,Notre Dame,PRI206342,2026-04-30,true
Kaelon Black,RB,2026,Indiana,BLA097235,2026-04-30,false
Jonah Coleman,RB,2026,Washington,COL293648,2026-04-30,false
Mike Washington Jr.,RB,2026,Arkansas,WAS797326,2026-04-30,false
Emmett Johnson,RB,2026,Nebraska,JOH224817,2026-04-30,true
Nicholas Singleton,RB,2026,Penn St.,SingNi01,2026-04-30,false
Adam Randall,RB,2026,Clemson,RAN022436,2026-04-30,false
Kaytron Allen,RB,2026,Penn St.,ALL532376,2026-04-30,false
Demond Claiborne,RB,2026,Wake Forest,CLA041524,2026-04-30,false
Seth McGowan,RB,2026,Kentucky,MCG547540,2026-04-30,false
Jam Miller,RB,2026,Alabama,MIL303300,2026-04-30,false
Carnell Tate,WR,2026,Ohio St.,TAT143045,2026-04-30,true
Jordyn Tyson,WR,2026,Arizona St.,TYS405541,2026-04-30,true
Makai Lemon,WR,2026,USC,LEM694125,2026-04-30,true
KC Concepcion,WR,2026,Texas A&M,CON046719,2026-04-30,true
Omar Cooper Jr.,WR,2026,Indiana,COO816508,2026-04-30,false
De'Zhaun Stribling,WR,2026,Mississippi,StriDe01,2026-04-30,false
Denzel Boston,WR,2026,Washington,BOS677861,2026-04-30,true
Germie Bernard,WR,2026,Alabama,BER218265,2026-04-30,false
Antonio Williams,WR,2026,Clemson,WIL143106,2026-04-30,true
Malachi Fields,WR,2026,Notre Dame,FIE775129,2026-04-30,false
Caleb Douglas,WR,2026,Texas Tech,DOU210628,2026-04-30,false
Zachariah Branch,WR,2026,Georgia,BRA531428,2026-04-30,true
Ja'Kobi Lane,WR,2026,USC,LAN311008,2026-04-30,true
Chris Brazzell II,WR,2026,Tennessee,BRA836631,2026-04-30,true
Ted Hurst,WR,2026,Georgia St.,HUR541377,2026-04-30,false
Zavion Thomas,WR,2026,LSU,THO417520,2026-04-30,false
Chris Bell,WR,2026,Louisville,BEL267684,2026-04-30,false
Brenen Thompson,WR,2026,Mississippi St.,THO495568,2026-04-30,false
Elijah Sarratt,WR,2026,Indiana,SAR527100,2026-04-30,false
Kaden Wetjen,WR,2026,Iowa,WET055619,2026-04-30,false
Skyler Bell,WR,2026,Connecticut,BEL597603,2026-04-30,false
Bryce Lance,WR,2026,North Dakota St.,LAN016345,2026-04-30,false
Colbie Young,WR,2026,Georgia,YounCo01,2026-04-30,false
Reggie Virgil,WR,2026,Texas Tech,VIR271235,2026-04-30,false
Kendrick Law,WR,2026,Kentucky,LAW090280,2026-04-30,false
Cyrus Allen,WR,2026,Cincinnati,ALL092954,2026-04-30,false
Kevin Coleman Jr.,WR,2026,Missouri,COL362413,2026-04-30,false
Barion Brown,WR,2026,LSU,BRO268113,2026-04-30,false
Josh Cameron,WR,2026,Baylor,CAM108646,2026-04-30,false
Malik Benson,WR,2026,Oregon,BEN601117,2026-04-30,false
CJ Daniels,WR,2026,Miami (FL),DAN490797,2026-04-30,false
Emmanuel Henderson Jr.,WR,2026,Kansas,HEN199637,2026-04-30,false
CJ Williams,WR,2026,Stanford,WIL189259,2026-04-30,false
Lewis Bond,WR,2026,Boston Col.,BON235618,2026-04-30,false
Anthony Smith,WR,2026,East Carolina,SMI038569,2026-04-30,false
Deion Burks,WR,2026,Oklahoma,BurkDe02,2026-04-30,false
